sample-id	barcode-sequence	seagrass	month	site	dist_from_shore
#q2:types	categorical	categorical	numeric	categorical	numeric
12-22-20-gg-g1	TCGTGGAGCG	grass	12	golden_gardens	1
12-22-20-gg-g2	CTACAAGATA	grass	12	golden_gardens	20
12-22-20-gg-g3	TATAGTAGCT	grass	12	golden_gardens	40
12-22-20-gg-g4	TGCCTGGTGG	grass	12	golden_gardens	60
12-22-20-gg-g5	ACATTATCCT	grass	12	golden_gardens	80
12-22-20-gg-ng1	GTCCACTTGT	none	12	golden_gardens	1
12-22-20-gg-ng2	TGGAACAGTA	none	12	golden_gardens	20
12-22-20-gg-ng3	CCTTGTTAAT	none	12	golden_gardens	40
12-22-20-gg-ng4	GTTGATAGTG	none	12	golden_gardens	60
12-22-20-gg-ng5	ACCAGCGACA	none	12	golden_gardens	80
12-16-20-alki-g1	CATACACTGT	grass	12	alki	1
12-16-20-alki-g2	GTGTGGCGCT	grass	12	alki	20
12-16-20-alki-g3	ATCACGAAGG	grass	12	alki	40
12-16-20-alki-g4	CGGCTCTACT	grass	12	alki	60
12-16-20-alki-g5	GAATGCACGA	grass	12	alki	80
12-16-20-alki-ng1	AAGACTATAG	none	12	alki	1
12-16-20-alki-ng2	TCGGCAGCAA	none	12	alki	20
12-16-20-alki-ng3	CTAATGATGG	none	12	alki	40
12-16-20-alki-ng4	GGTTGCCTCT	none	12	alki	60
12-16-20-alki-ng5	CGCACATGGC	none	12	alki	80
12-18-20-sc-g1	GGCCTGTCCT	grass	12	smiths_cove	1
12-18-20-sc-g2	CTGTGTTAGG	grass	12	smiths_cove	20
12-18-20-sc-g3	TAAGGAACGT	grass	12	smiths_cove	40
12-18-20-sc-g4	CTAACTGTAA	grass	12	smiths_cove	60
12-18-20-sc-g5	GGCGAGATGG	grass	12	smiths_cove	80
12-18-20-sc-ng1	AATAGAGCAA	none	12	smiths_cove	1
12-18-20-sc-ng2	TCAATCCATT	none	12	smiths_cove	20
12-18-20-sc-ng3	TCGTATGCGG	none	12	smiths_cove	40
12-18-20-sc-ng4	TCCGACCTCG	none	12	smiths_cove	60
12-18-20-sc-ng5	CTTATGGAAT	none	12	smiths_cove	80
8-25-alki-g1	GCTTACGGAC	grass	8	alki	1
8-25-alki-g2	GAACATACGG	grass	8	alki	20
8-25-alki-g3	GTCGATTACA	grass	8	alki	40
8-25-alki-g4	ACTAGCCGTG	grass	8	alki	60
8-25-alki-g5	AAGTTGGTGA	grass	8	alki	80
8-25-alki-ng1	TGGCAATATT	none	8	alki	1
8-25-alki-ng2	GATCACCGCG	none	8	alki	20
8-25-alki-ng3	TACCATCCGT	none	8	alki	40
8-25-alki-ng4	GCTGTAGGAA	none	8	alki	60
8-25-alki-ng5	CGCACTAATG	none	8	alki	80
8-25-sc-g1	GACAACTGAA	grass	8	smiths_cove	1
8-25-sc-g2	AGTGGTCAGG	grass	8	smiths_cove	20
8-25-sc-g3	TTCTATGGTT	grass	8	smiths_cove	40
8-25-sc-g4	AATCCGGCCA	grass	8	smiths_cove	60
8-25-sc-g5	CCATAAGGTT	grass	8	smiths_cove	80
8-25-sc-ng1	ATCTCTACCA	none	8	smiths_cove	1
8-25-sc-ng2	CGGTGGCGAA	none	8	smiths_cove	20
8-25-sc-ng3	TAACAATAGG	none	8	smiths_cove	40
8-25-sc-ng4	CTGGTACACG	none	8	smiths_cove	60
8-25-sc-ng5	TCAACGTGTA	none	8	smiths_cove	80
8-21-gg-g1	ACTGTTGTGA	grass	8	golden_gardens	1
8-21-gg-g2	GTGCGTCCTT	grass	8	golden_gardens	20
8-21-gg-g3	AGCACATCCT	grass	8	golden_gardens	40
8-21-gg-g4	TTCCGTCGCA	grass	8	golden_gardens	60
8-21-gg-g5	CTTAACCACT	grass	8	golden_gardens	80
8-21-gg-ng1	GCCTCGGATA	none	8	golden_gardens	1
8-21-gg-ng2	CGTCGACTGG	none	8	golden_gardens	20
8-21-gg-ng3	TACTAGTCAA	none	8	golden_gardens	40
8-21-gg-ng4	ATAGACCGTT	none	8	golden_gardens	60
8-21-gg-ng5	ACAGTTCCAG	none	8	golden_gardens	80